[
  {
    "groupTitle": "灰阶颜色",
    "groupSubtitle": "适用于普通文字和背景分割线等场景",
    "colors": [
      {
        "title": "通用一级中性色",
        "description": "页面内一级文本颜色",
        "colorName": "common_level1_base_color",
        "colorVar": "rgba(25,31,37,1)"
      },
      {
        "title": "通用二级中性色",
        "description": "页面内二级文本颜色",
        "colorName": "common_level2_base_color",
        "colorVar": "rgba(25,31,37,0.56)"
      },
      {
        "title": "通用三级中性色",
        "description": "页面内三级文本颜色，预填文案颜色",
        "colorName": "common_level3_base_color",
        "colorVar": "rgba(25,31,37,0.4)"
      },
      {
        "title": "通用四级中性色",
        "description": "页面内四级文本颜色，置灰文字颜色",
        "colorName": "common_level4_base_color",
        "colorVar": "rgba(25,31,37,0.28)"
      },
      {
        "title": "通用五级中性色",
        "description": "按钮描边颜色",
        "colorName": "common_level5_base_color",
        "colorVar": "rgba(25,31,37,0.16)"
      },
      {
        "title": "通用六级中性色",
        "description": "一级分割线颜色，内容背景按下叠加颜色",
        "colorName": "common_level6_base_color",
        "colorVar": "rgba(25,31,37,0.12)"
      },
      {
        "title": "通用七级中性色",
        "description": "二级分割线颜色，灰色框背景色",
        "colorName": "common_level7_base_color",
        "colorVar": "rgba(25,31,37,0.08)"
      },
      {
        "title": "通用页面背景色",
        "description": "",
        "colorName": "common_level8_base_color",
        "colorVar": "rgba(246,246,246,1)"
      }
    ]
  },
  {
    "groupTitle": "彩色",
    "groupSubtitle": "主题色，警告色等场景使用",
    "colors": [
      {
        "title": "通用蓝色",
        "description": "",
        "colorName": "common_blue1_color",
        "colorVar": "rgba(50,150,250,1)"
      },
      {
        "title": "通用蓝色淡色",
        "description": "",
        "colorName": "common_blue2_color",
        "colorVar": "rgba(173,213,253,1)"
      },
      {
        "title": "通用蓝色浅色",
        "description": "",
        "colorName": "common_blue3_color",
        "colorVar": "rgba(230,242,254,1)"
      },
      {
        "title": "通用红色",
        "description": "",
        "colorName": "common_red1_color",
        "colorVar": "rgba(242,86,67,1)"
      },
      {
        "title": "通用红色淡色",
        "description": "",
        "colorName": "common_red2_color",
        "colorVar": "rgba(250,187,180,1)"
      },
      {
        "title": "通用红色浅色",
        "description": "",
        "colorName": "common_red3_color",
        "colorVar": "rgba(253,234,232,1)"
      },
      {
        "title": "通用橙色",
        "description": "",
        "colorName": "common_orange1_color",
        "colorVar": "rgba(255,148,62,1)"
      },
      {
        "title": "通用橙色淡色",
        "description": "",
        "colorName": "common_orange2_color",
        "colorVar": "rgba(255,212,178,1)"
      },
      {
        "title": "通用橙色浅色",
        "description": "",
        "colorName": "common_orange3_color",
        "colorVar": "rgba(255,242,231,1)"
      },
      {
        "title": "通用绿色",
        "description": "",
        "colorName": "common_green1_color",
        "colorVar": "rgba(20,188,131,1)"
      },
      {
        "title": "通用绿色淡色",
        "description": "",
        "colorName": "common_green2_color",
        "colorVar": "rgba(161,228,205,1)"
      },
      {
        "title": "通用绿色浅色",
        "description": "",
        "colorName": "common_green3_color",
        "colorVar": "rgba(227,247,240,1)"
      },
      {
        "title": "通用黄色",
        "description": "",
        "colorName": "common_yellow1_color",
        "colorVar": "rgba(225,225,81,1)"
      }
    ]
  },
  {
    "groupTitle": "白阶颜色",
    "groupSubtitle": "用于深色背景下的主要元素颜色",
    "colors": [
      {
        "title": "通用一级中性色反色",
        "description": "",
        "colorName": "common_level1_contrary_color",
        "colorVar": "rgba(255,255,255,1)"
      },
      {
        "title": "通用二级中性色反色",
        "description": "",
        "colorName": "common_level2_contrary_color",
        "colorVar": "rgba(255,255,255,0.72)"
      },
      {
        "title": "通用三级中性色反色",
        "description": "",
        "colorName": "common_level3_contrary_color",
        "colorVar": "rgba(255,255,255,0.56)"
      },
      {
        "title": "通用四级中性色反色",
        "description": "",
        "colorName": "common_level4_contrary_color",
        "colorVar": "rgba(255,255,255,0.4)"
      },
      {
        "title": "通用五级中性色反色",
        "description": "",
        "colorName": "common_level5_contrary_color",
        "colorVar": "rgba(255,255,255,0.28)"
      },
      {
        "title": "通用六级中性色反色",
        "description": "",
        "colorName": "common_level6_contrary_color",
        "colorVar": "rgba(255,255,255,0.16)"
      },
      {
        "title": "通用七级中性色反色",
        "description": "",
        "colorName": "common_level7_contrary_color",
        "colorVar": "rgba(255,255,255,0.12)"
      }
    ]
  },
  {
    "groupTitle": "通用场景彩色",
    "groupSubtitle": "",
    "colors": [
      {
        "title": "通用链接色",
        "description": "",
        "colorName": "common_link_color",
        "colorVar": "rgba(87,106,149,1)"
      },
      {
        "title": "通用链接按下态色",
        "description": "",
        "colorName": "common_link_press_color",
        "colorVar": "rgba(87,106,149,0.4)"
      }
    ]
  },
  {
    "groupTitle": "特殊组件用色",
    "groupSubtitle": "",
    "colors": [
      {
        "title": "tab组件专用icon灰色",
        "description": "",
        "colorName": "common_tab_icon_color",
        "colorVar": "rgba(25,31,37,0.72)"
      }
    ]
  }
]