[
  {
    "title": "Headlin1 40rpx Medium",
    "description": "一级头标题，标题在左侧的顶部栏标题",
    "className": "common_headline1_text_style"
  },
  {
    "title": "Headlin2 34rpx Medium",
    "description": "二级头标题，标题在中间的顶部栏标题",
    "className": "common_headline2_text_style"
  },
  {
    "title": "Title 36rpx Regular",
    "description": "模态窗标题，独立窗口标题，头标题外页面内内容一级标题，一级按钮内文字大小",
    "className": "common_title_text_style"
  },
  {
    "title": "Body 34rpx Regular",
    "description": "列表内一级内容，页面内一级内容，大于等于44pt的栏内一级内容",
    "className": "common_body_text_style"
  },
  {
    "title": "Action 32rpx Regular",
    "description": "二级按钮内文字大小",
    "className": "common_action_text_style"
  },
  {
    "title": "Subhead 30rpx Regular",
    "description": "二级列表内内容，小于44pt的列表栏内一级内容",
    "className": "common_subhead_text_style"
  },
  {
    "title": "Content 28rpx Regular",
    "description": "页面二级内容，列表内二级内容，列表小标题内容，三级按钮内文字的大小",
    "className": "common_content_text_style"
  },
  {
    "title": "Fontnote 26rpx Regular",
    "description": "一级列表注释内容，链接内容",
    "className": "common_footnote_text_style"
  },
  {
    "title": "Caption 24rpx Regular",
    "description": "列表和页面内最次要内容，时间说明",
    "className": "common_caption_text_style"
  },
  {
    "title": "Tag 20rpx Regular",
    "description": "特殊字体，用于会话标签和底部选项卡栏",
    "className": "common_tag_text_style"
  }
]